Comment ID,Parent ID,Similarity Scores,Average Similarity,Standard Deviation
kfvkg25,None,"[0.03, 0.08, -0.0, -0.04, 0.03, 0.01, 0.07, 0.01, -0.02, -0.04]",0.013000000000000001,0.039
kfvr2hb,kfvkg25,"[0.16, 0.2, 0.22, 0.18, 0.32, 0.2, 0.19, 0.17, 0.05, 0.1]",0.179,0.06774215821775978
kfvrkwj,kfvr2hb,"[0.55, 0.46, 0.67, 0.46, 0.54, 0.69, 0.59, 0.7, 0.52, 0.57]",0.575,0.08333666660000263
kfvruqi,kfvrkwj,"[0.16, 0.2, 0.18, 0.22, 0.17, 0.29, 0.16, 0.16, 0.23, 0.3]",0.207,0.050009999000199944
kfvs1cr,kfvruqi,"[0.42, 0.43, 0.43, 0.45, 0.36, 0.47, 0.46, 0.45, 0.46, 0.42]",0.43499999999999994,0.030083217912982657
kfvs9qn,kfvs1cr,"[0.4, 0.51, 0.28, 0.2, 0.41, 0.43, 0.44, 0.33, 0.46, 0.5]",0.396,0.09350935782048767
kfvsfgl,kfvs9qn,"[0.44, 0.45, 0.37, 0.4, 0.42, 0.38, 0.43, 0.39, 0.41, 0.34]",0.403,0.03226453160980335
kfvx2ld,kfvsfgl,"[0.11, 0.14, 0.14, 0.18, 0.32, 0.09, 0.06, 0.08, 0.22, 0.24]",0.158,0.07782030583337488
kfvxid5,kfvx2ld,"[0.5, 0.56, 0.54, 0.54, 0.54, 0.43, 0.43, 0.46, 0.56, 0.51]",0.507,0.047968739820845846
