Comment ID,Parent ID,Similarity Scores,Average Similarity,Standard Deviation
kfvkg25,None,"[0.23, 0.2, 0.37, 0.25, 0.2, 0.44, 0.28, 0.16, 0.32, 0.34]",0.279,0.0833606621854697
kfvr2hb,kfvkg25,"[0.3, 0.33, 0.46, 0.12, 0.29, 0.3, 0.31, 0.25, 0.38, 0.4]",0.314,0.08720091742636658
kfvrkwj,kfvr2hb,"[0.67, 0.57, 0.56, 0.48, 0.42, 0.73, 0.53, 0.5, 0.43, 0.65]",0.554,0.09810198774744579
kfvruqi,kfvrkwj,"[0.17, 0.07, 0.2, 0.03, 0.18, 0.32, 0.23, 0.13, 0.24, 0.14]",0.17099999999999999,0.08005623023850174
kfvs1cr,kfvruqi,"[0.35, 0.18, 0.04, 0.39, 0.3, 0.25, 0.28, 0.16, 0.39, 0.26]",0.26,0.10430723848324237
kfvs9qn,kfvs1cr,"[0.66, 0.53, 0.53, 0.08, 0.57, 0.47, 0.54, 0.58, 0.62, 0.55]",0.513,0.15258112596255147
kfvsfgl,kfvs9qn,"[0.29, 0.45, 0.44, 0.42, 0.4, 0.4, 0.39, 0.3, 0.33, 0.46]",0.388,0.05810335618533581
kfvx2ld,kfvsfgl,"[0.2, -0.02, 0.22, 0.24, 0.23, 0.22, 0.25, 0.25, 0.34, 0.23]",0.21600000000000003,0.0863944442658207
kfvxid5,kfvx2ld,"[0.42, 0.44, 0.2, 0.32, 0.05, 0.01, 0.29, 0.41, 0.47, 0.45]",0.306,0.159449051423958
