Comment ID,Parent ID,Similarity Scores,Average Similarity,Standard Deviation
kfvkg25,None,"[0.13, 0.26, 0.28, 0.21, 0.25, 0.28, 0.39, 0.38, 0.29, 0.38]",0.28500000000000003,0.07787810988975015
kfvr2hb,kfvkg25,"[0.45, 0.53, 0.49, 0.13, 0.42, 0.27, 0.3, 0.39, 0.47, 0.46]",0.391,0.11640017182117901
kfvrkwj,kfvr2hb,"[0.72, 0.5, 0.65, 0.07, 0.41, 0.04, 0.41, 0.82, 0.54, 0.13]",0.429,0.2596324324887012
kfvruqi,kfvrkwj,"[0.26, 0.2, 0.06, 0.15, 0.19, 0.17, 0.18, 0.09, 0.23, -0.04]",0.149,0.08466994744299775
kfvs1cr,kfvruqi,"[0.13, 0.29, 0.16, 0.23, 0.23, 0.39, 0.26, 0.46, 0.11, 0.43]",0.269,0.11708543888972701
kfvs9qn,kfvs1cr,"[0.43, 0.51, 0.53, 0.35, 0.52, 0.68, 0.48, 0.69, 0.25, 0.08]",0.45199999999999996,0.17707625476048447
kfvsfgl,kfvs9qn,"[0.3, 0.25, 0.41, 0.25, 0.31, 0.26, 0.25, 0.48, 0.39, 0.32]",0.32199999999999995,0.07573638491504595
kfvx2ld,kfvsfgl,"[0.26, 0.37, 0.22, 0.38, 0.26, 0.3, 0.19, 0.19, 0.09, 0.08]",0.23399999999999999,0.09697422337920525
kfvxid5,kfvx2ld,"[0.3, 0.08, 0.45, 0.34, 0.36, 0.26, 0.25, 0.21, 0.03, 0.09]",0.23700000000000002,0.12868954891520912
