Comment ID,Parent ID,Similarity Scores,Average Similarity,Standard Deviation
kfvkg25,None,"[0.26, 0.34, 0.31, 0.22, 0.2, 0.29, 0.42, 0.33, 0.39, 0.24]",0.3,0.06841052550594827
kfvr2hb,kfvkg25,"[0.15, 0.28, 0.28, 0.21, 0.28, 0.18, 0.37, 0.3, 0.29, 0.31]",0.265,0.06248999919987198
kfvrkwj,kfvr2hb,"[0.44, 0.35, 0.45, 0.37, 0.55, 0.53, 0.49, 0.5, 0.55, 0.48]",0.471,0.06594694837519022
kfvruqi,kfvrkwj,"[0.18, 0.3, 0.29, 0.23, 0.22, 0.13, 0.15, 0.22, 0.14, 0.24]",0.21000000000000002,0.05639148871948674
kfvs1cr,kfvruqi,"[0.37, 0.37, 0.43, 0.29, 0.33, 0.34, 0.33, 0.28, 0.44, 0.33]",0.35100000000000003,0.05008991914547277
kfvs9qn,kfvs1cr,"[0.46, 0.44, 0.55, 0.35, 0.43, 0.47, 0.46, 0.51, 0.47, 0.28]",0.442,0.0730479294709987
kfvsfgl,kfvs9qn,"[0.33, 0.31, 0.4, 0.46, 0.39, 0.27, 0.37, 0.32, 0.33, 0.35]",0.35300000000000004,0.05119570294468082
kfvx2ld,kfvsfgl,"[0.27, 0.22, 0.29, 0.33, 0.32, 0.31, 0.18, 0.28, 0.29, 0.29]",0.27799999999999997,0.04354308211415448
kfvxid5,kfvx2ld,"[0.26, 0.49, 0.45, 0.23, 0.41, 0.23, 0.34, 0.13, 0.45, 0.37]",0.33599999999999997,0.11271202242884296
